اسم الجدول,الفئة الرئيسية,الحقول الأساسية
جدول الغرف,Rooms,اسم الغرفة,رقم الغرفة,المساحة,نوع الأرضية,نوع التشطيب,نوع الدهان,نوع السقف
جدول الأبواب,Doors,رقم الباب,نوع الباب,المقاس,المادة,التشطيب,مستوى الحريق
جدول النوافذ,Windows,رقم النافذة,نوع النافذة,المقاس,المادة,التشطيب
جدول التشطيبات,Rooms/Finishes,العنصر,نوع البلاط,نوع التلابيس,نوع الدهان الداخلي,نوع الدهان الخارجي
جدول البلاط,Floors,المنطقة,نوع البلاط,مساحة البلاط,المواصفات
جدول التلابيس,Walls/Cladding,المنطقة,نوع الكسوة,كمية الكسوة,المواصفات
جدول الدهان الداخلي,Walls/Ceilings,المنطقة,نوع الدهان,الكمية
جدول الدهان الخارجي,Walls/Exterior,المنطقة,نوع الدهان,الكمية
جدول الأدوات الكهربائية,Electrical Fixtures,النوع,الموقع,العدد,المواصفات
جدول الأدوات الصحية,Plumbing Fixtures,النوع,الموقع,العدد,المواصفات
جدول أنابيب التغذية,Pipes,المنطقة,نوع الأنبوب,الطول,القطر
جدول أنابيب الصرف,Pipes,المنطقة,نوع الأنبوب,الطول,القطر